state,name,description,issue_tag_1,issue_tag_2,issue_tag_3,governance,age_verification,parental_consent,data_collection_limits,algorithmic_restrictions,duty_of_care,risk_assessment_required,default_privacy_settings,school_based,targets_all_platforms,total_mechanisms,paradigm
Alabama,Relating to consumer protection;  to require certain manufacturers of Internet-enabled devices to activate existing filters to restrict access to certain material;  to provide for a cause of action;  to provide civil penalties.,Requires tablet/smartphone manufacturers to have filters that can be enabled at activation and only bypassed or switched off with password. ,Cybersecurity,Online safety,Content moderation/Free Speech,Privacy/Data Rights,false,false,false,false,false,false,false,false,false,0,Procedural/Study
Arizona,To create the protection of minors from distribution of harmful material act;  to establish liability for the publication or distribution of material harmful to minors on the internet;  and to require reasonable age verification.,Requires age verification to access websites that are more than one-third pornography.,Human rights,Online safety,Liability,Content Moderation/Free Speech,true,false,false,false,false,false,false,false,false,1,Access Control
Arkansas,To create the protection of minors from distribution of harmful material act;  to establish liability for the publication or distribution of material harmful to minors on the internet;  and to require reasonable age verification.,Requires age verification to access websites that are more than one-third pornography. Retaining ID information prohibited.,Content moderation/Free Speech,Online safety,Human rights,Content Moderation/Free Speech,true,false,true,false,false,false,false,false,false,2,Privacy Protection
Arkansas,To create the social media safety act;  to require age verification for use of social media;  and to clarify liability for failure to perform age verification for use of social media and illegal retention of data.,"Requires age verification / parental consent to open social media accounts, with significant exclusions. Retaining ID information prohibited.",Internet access,Online safety,Content moderation/Free Speech,Content Moderation/Free Speech,true,true,true,false,false,false,false,false,false,3,Privacy Protection
California,Business regulations: sexually explicit material ,Requires age verification to access websites that are more than one-third pornography. Retaining ID information prohibited.,Internet access,Online safety,Content moderation/Free Speech,Content Moderation/Free Speech,true,false,true,false,false,false,false,false,false,2,Privacy Protection
California,The California Age-Appropriate Design Code Act ,Requires online services to submit risk assessments and mitigation plans for how their products might harm children;  estimate users' ages;  provide privacy protections for children. Establishes working group to advise legislature.,Online safety,Transparency,Content moderation/Free Speech,Government Surveillance,false,false,true,false,true,true,false,false,true,4,Platform Responsibility
California,Features that harm child users: civil penalty,Prohibits social media platforms from design elements (not content) that result in specific harms to children (incl. self-harm and purchase of firearms);  platforms exempted if conducting quarterly audits and effecting mitigations.,Online safety,Content moderation/Free Speech,Hate and harassment,Content Moderation/Free Speech,false,false,false,true,true,true,false,false,false,3,Comprehensive/Hybrid
California,Social media platforms: minor users: civil penalties,Prohibits social media platforms using ranking algorithms that prioritize engagement over well-being for minors.,Transparency,Online safety,Content moderation/Free Speech,Privacy/Data Rights,false,false,false,true,false,false,false,false,false,1,Other/Mixed
Connecticut,An act concerning minors and social media accounts.,[Official summary as no bill text available] Requiring parental consent for under 16s to open social media accounts.,Internet access,Privacy,Online safety,Content Moderation/Free Speech,false,true,false,false,false,false,false,false,false,1,Other/Mixed
Connecticut,An act concerning minors and digital privacy.,[Official summary as no bill text available] Prohibits collection and commercial use of consumer data and personally identifiable information about minors,Online safety,Privacy,Transparency,Privacy/Data Rights,false,false,true,false,false,false,false,false,true,2,Privacy Protection
Connecticut,An act establishing a connecticut age-appropriate design code.,[Official summary as no bill text available] Requires online services to adopt privacy and safety measures for minors,Online safety,Privacy,Transparency,Privacy/Data Rights,false,false,true,false,true,false,false,false,true,3,Platform Responsibility
Connecticut,An act concerning the creation of a state police investigative task force to address online sexual exploitation and abuse of minors.,Establishes state police task force to address online sexual abuse and exploitation of minors.,Online safety,Human rights,Civil rights,Government Surveillance,false,false,false,false,false,false,false,false,false,0,Procedural/Study
Connecticut,"An act concerning online privacy, data and safety protections.","Omnibus including: requiring parental consent for under 16s to have social media accounts;  online services likely to be used by children have duty of care to avoid heightened risk to minors, must conduct impact assessments and mitigation plans, esp. regarding data collection;  collection / use of user data for minors highly restricted;  specific safety requirements;  establishes task force investigating & prosecuting internet crimes against children.",Privacy,Online safety,Cybersecurity,Government Surveillance,false,true,true,false,true,true,false,false,true,5,Platform Responsibility
Connecticut,An act concerning social media and parental consent.,[Official summary as no bill text available] Requiring parental consent for under 16s to open social media accounts.,Internet access,Privacy,Online safety,Content Moderation/Free Speech,false,true,false,false,false,false,false,false,false,1,Other/Mixed
Connecticut,An act concerning cyberbullying.,[Official summary as no bill text available] Enforces age limits on social media usage;  require development of filters to curb cyberbullying.,Online safety,Accessibility,Content moderation/Free Speech,Content Moderation/Free Speech,true,false,false,true,false,false,false,false,true,3,Platform Responsibility
Florida,Social Media Protection for Minors,"Requires social media platforms predominantly used by minors to disclose policies, provide reporting features and parental settings, and display a warning.",Transparency,Online safety,Privacy,Privacy/Data Rights,false,false,false,false,false,false,false,false,false,0,Procedural/Study
Florida,Technology Transparency,"Omnibus bill including: prohibiting causing harm to minors via processing of personal data;  use of user data for children highly restricted;  categorizes all personal data relating to minors as ""sensitive.""",Online safety,Privacy,Civil rights,Privacy/Data Rights,false,false,true,false,false,false,false,false,true,2,Privacy Protection
Florida,Protection of Exploited Persons,Includes requiring age verification to access websites that are more than one-third pornography. Retaining ID information prohibited.,Online safety,Internet access,Content moderation/Free Speech,Content Moderation/Free Speech,true,false,true,false,false,false,false,false,false,2,Privacy Protection
Florida,Student Online Personal Information Protection,"Significantly restricts school tech services' collection, use, and retention of student data, including prohibiting targeted advertising;  requires their adoption of reasonable data security practices.",Cybersecurity,Civil rights,Online safety,Privacy/Data Rights,false,false,true,true,false,false,false,true,false,3,Comprehensive/Hybrid
Florida,"Childhood Mental Health, Safety, and Welfare",Includes: requiring age verification to access websites that are more than one-third pornography (retaining ID information prohibited);  prohibiting use of student personal devices during school and posting student images to social media.,Online safety,Privacy,Content moderation/Free Speech,Privacy/Data Rights,true,false,true,false,false,false,false,true,false,3,Privacy Protection
Georgia,Student Technology Protection Act,Requires instructor and student education on safe use of technology;  tightens acceptable usage and filtering policies at schools.,Education and research,Cybersecurity,Online safety,Platforms + Democracy,false,false,false,false,false,false,false,true,false,1,Educational
Idaho,PROTECTION OF MINORS – Adds to existing law to establish the Parental Rights Protection of Minors Act to protect minors from exposure to harmful materials on certain devices.,Requires tablet/smartphone manufacturers to have filters that are enabled at activation and only bypassed or switched off with password. Crime for non-parents to deactivate filter and allow minors to access harmful content.,Content moderation/Free Speech,Design and testing standards,Liability,Content moderation/Free Speech,false,true,false,false,false,false,true,false,false,2,Other/Mixed
Idaho,PROTECTION OF MINORS – Adds to existing law to establish the Parental Rights Protection of Minors Act to protect minors from exposure to harmful materials on certain devices.,Requires tablet/smartphone manufacturers to have filters that are enabled at activation and only bypassed or switched off with password. Crime for non-parents to deactivate filter and allow minors to access harmful content.,Content moderation/Free Speech,Design and testing standards,Liability,Content moderation/Free Speech,false,true,false,false,false,false,true,false,false,2,Other/Mixed
Illinois,Creates the Children's Privacy Protection and Parental Empowerment Act,Requires online services likely to be used by children to conduct impact assessments and mitigation plans for harm to children;  estimate age of users;  default privacy settings to most protective for child users. Use of user data for children highly restricted. Establishes working group to develop best practices.,Privacy,Online safety,Design and testing standards,Platforms + Democracy,false,false,true,false,false,true,true,false,true,4,Platform Responsibility
Illinois,Creates the Minor Online Data Privacy Act.,[No bill text available],Privacy,Online safety,,Privacy/Data Rights,false,false,false,false,false,false,false,false,false,0,Procedural/Study
Indiana,Internet safety curricula for schools,"Permits schools to teach Internet safety and instructs state education department to create curricular materials  at, minimally, elementary and high school levels.",Education and research,Online safety,Cybersecurity,Government Surveillance,false,false,false,false,false,false,false,true,false,1,Educational
Iowa,An Act relating to civil liability for commercial entities who publish or distribute material harmful to minors on the internet and providing penalties.,Requires age verification to access websites that are more than one-third pornography. Retaining ID information prohibited.,Online safety,Liability,Privacy,Content Moderation/Free Speech,true,false,true,false,false,false,false,false,false,2,Privacy Protection
Iowa,"An Act relating to social media users under eighteen years of age, making penalties applicable, and including applicability provisions.",Prohibits social media platforms from allowing under 18s having accounts.,Online safety,"Authorisation, registration and licensing",,Platforms + Democracy,true,false,false,false,false,false,false,false,false,1,Access Control
Iowa,"An Act relating to social media data collection regarding children under eighteen years of age, providing civil penalties, and including applicability provisions.",Prohibits social media platforms from collecting personal information (broadly defined) about children without parental consent.,Privacy,Online safety,,Privacy/Data Rights,false,true,true,false,false,false,false,false,false,2,Privacy Protection
Iowa,"An Act relating to parental consent regarding internet sites for users under the age of sixteen, providing civil penalties, and including applicability provisions",Requires parental consent for under 16s to use social media or gaming platforms.,Online safety,"Authorisation, registration and licensing",,Privacy/Data Rights,false,true,false,false,false,false,false,false,false,1,Other/Mixed
Kansas,"Requiring commercial entities that produce material harmful to minors on the internet to require age verification for access to such internet sites and establishing a civil cause of action against such commercial entities by persons harmed to recover actual and punitive damages, court costs and attorney fees.",Requires age verification to access websites that are more than one-third pornography. Retaining ID information prohibited.,Content moderation/Free Speech,Privacy,Liability,Content Moderation/Free Speech,true,false,true,false,false,false,false,false,false,2,Privacy Protection
Kansas,"Require commercial entities that produce material harmful to minors on the internet to require age verification for access to such internet sites, establishing a civil cause of action against such commercial entities by persons harmed to recover actual and punitive damages, court costs and attorney fees.",Requires age verification to access websites that are more than one-third pornography. Retaining ID information prohibited.,Content moderation/Free Speech,Privacy,Liability,Content Moderation/Free Speech,true,false,true,false,false,false,false,false,false,2,Privacy Protection
Kansas,Removing liability protections from online platforms and requiring certain wireless communication devices to have a default setting notifying parents of application downloads.,Declares that algorithmic recommendation of certain harmful content is not protected by §230.  Requires mobile device vendors to alert parents whenever a child downloads an app.,Liability,Algorithms,Transparency,Content Moderation/Free Speech,false,true,false,true,false,false,false,false,false,2,Other/Mixed
Kentucky,AN ACT relating to consumer data privacy.,"General data privacy act that categorizes all personal data relating to minors as ""sensitive.""",Privacy,Online safety,,Privacy/Data Rights,false,false,true,false,false,false,false,false,true,2,Privacy Protection
Kentucky,AN ACT relating to the protection of minors.,Requires age verification to access websites that are more than one-third pornography. Retaining ID information prohibited.,Content moderation/Free Speech,Privacy,Online safety,Content Moderation/Free Speech,true,false,true,false,false,false,false,false,false,2,Privacy Protection
Louisiana,Provides for attorney general investigation for publishers and distributors of material harmful to minors,Adds civil action for AG to the provisions of HB 142 (2022) / Act 440,Content moderation/Free Speech,Liability,,Government Surveillance,false,false,false,false,false,false,false,false,false,0,Procedural/Study
Louisiana,Provides for liability for publishers and distributors of material harmful to minors,Require age verification to access websites that are more than one-third pornography. Retaining ID information prohibited.,Online safety,Liability,Privacy,Content Moderation/Free Speech,true,false,true,false,false,false,false,false,false,2,Privacy Protection
Louisiana,Creates the Secure Online Child Interaction and Age Limitation Act.,Requires parental approval for minors to have social media accounts;  requires age verification. Minor accounts: limited discoverability and communication;  allow parental access;  limited data use;  curfewed by default;  parents can set time limits.,Privacy,Online safety,"Authorisation, registration and licensing",Platforms + Democracy,true,true,true,false,false,false,true,false,false,4,Privacy Protection
Maine,An Act to Protect Children by Modernizing Internet and Digital Media Filtering Requirements for Education,Requires schools to use pornography filters on their networks and devices.,Content moderation/Free Speech,Education and research,,Content Moderation/Free Speech,false,false,false,false,false,false,false,true,false,1,Educational
Maryland,Consumer Protection – Social Media Regulation and Safety for Children,Prohibits under 13s having social media accounts;  platforms must identify and offer deletion for accounts of under 13s;  requires establishment of option of minor-parent joint accounts;  establishes fund for digital citizenship education.,Online safety,Content moderation/Free Speech,Privacy,Content Moderation/Free Speech,true,true,false,false,false,false,false,false,true,3,Other/Mixed
Maryland,Consumer Protection - Online Products and Services - Children's Data,Require online services likely to be used by children to conduct impact assessments and mitigation plans for harm to children through data retention or algorithms;  estimate age of users;  default privacy settings to most protective for child users. Use of user data for children highly restricted.,Privacy,Algorithms,Design and testing standards,Platforms + Democracy,false,false,true,true,false,true,true,false,true,5,Platform Responsibility
Maryland,Commercial Law - Protection of Minors From Unfiltered Tablets or Smart Phones,Require tablet/smartphone manufacturers to have filters that are enabled at activation and only bypassed or switched off with password. ,Design and testing standards,Online safety,Other operating conditions,Privacy/Data Rights,false,false,false,false,false,false,true,false,false,1,Other/Mixed
Maryland,Consumer Protection – Online Products and Services – Children’s Data,Require online services likely to be used by children to conduct impact assessments and mitigation plans for harm to children;  estimate age of users;  default privacy settings to most protective for child users. Use of user data for children highly restricted.,Privacy,Design and testing standards,Online safety,Platforms + Democracy,false,false,true,false,false,true,true,false,true,4,Platform Responsibility
Massachusetts,An Act relative to internet privacy rights for children,"Prohibits internet services from advertising or marketing harmful products (incl. weapons, tobacco, lottery tickets, pornography, spray paint) to minors;  requires internet services to facilitate the removal of minors' posted content when requested.",Content moderation/Free Speech,Privacy,Online safety,Content Moderation/Free Speech,false,false,false,false,false,false,false,false,true,1,Procedural/Study
Massachusetts,An Act relative to student and educator data privacy,Significantly restricts school tech vendors' use of student data and require data security practices;  requires that contracts between schools and vendors detail privacy and data security issues;  instruct the creation and implementation of data security and privacy regulations for educational entities.,Privacy,Education and research,Cybersecurity,Privacy/Data Rights,false,false,true,false,false,false,false,true,false,2,Privacy Protection
Massachusetts,An Act concerning media literacy in schools,"Directs department of education to integrate media literacy, including Internet safety, into K-12 education.",Education and research,Online safety,Disinformation,Content Moderation/Free Speech,false,false,false,false,false,false,false,true,false,1,Educational
Massachusetts,An Act relative to the enticement of children online,Adds online approaches to the established offence of enticement.,Online safety,Liability,,Government Surveillance,false,false,false,false,false,false,false,false,false,0,Procedural/Study
Massachusetts,An Act relative to transmitting indecent visual depictions by teens and the unlawful distribution of explicit images,Creates diversion program for teenagers regarding sexting and cyberbullying;  creates offence of distributing intimate images in cyberbullying context;  revises related penalties.,Online safety,Hate and harassment,Liability,Content Moderation/Free Speech,false,false,false,false,false,false,false,false,false,0,Procedural/Study
Massachusetts,An Act establishing the Massachusetts Data Privacy Protection Act,Includes prohibition on targeted advertising to minors and requirement to assess and mitigate privacy risks to minors.,Privacy,Algorithms,Transparency,Privacy/Data Rights,false,false,true,false,false,true,false,false,true,3,Platform Responsibility
Massachusetts,An Act relative to student and educator data privacy,Significantly restricts school tech vendors' use of student data and require data security practices;  requires that contracts between schools and vendors detail privacy and data security issues;  instruct the creation and implementation of data security and privacy regulations for educational entities.,Privacy,Education and research,Cybersecurity,Privacy/Data Rights,false,false,true,false,false,false,false,true,false,2,Privacy Protection
Massachusetts,An Act relative to transmitting indecent visual depictions by teens and the unlawful distribution of explicit images,Creates diversion program for teenagers regarding sexting and cyberbullying;  creates offence of distributing intimate images in cyberbullying context;  revises related penalties.,Online safety,Hate and harassment,Liability,Content Moderation/Free Speech,false,false,false,false,false,false,false,false,false,0,Procedural/Study
Massachusetts,An Act relative to transmitting indecent visual depictions by teens and the unlawful distribution of explicit images,Creates diversion program for teenagers regarding sexting and cyberbullying;  creates offence of distributing intimate images in cyberbullying context;  revises related penalties.,Online safety,Hate and harassment,Liability,Content Moderation/Free Speech,false,false,false,false,false,false,false,false,false,0,Procedural/Study
Minnesota,Social media algorithms that target children prohibited.,Prohibits social media platforms serving content to minors via recommendation algorithms (except search results). Require parental consent for minors to open accounts.,Algorithms,Online safety,"Authorisation, registration and licensing",Platforms + Democracy,false,true,false,true,false,false,false,false,false,2,Other/Mixed
Minnesota,"Human Trafficking and Child Exploitation Prevention Act established, rulemaking provided, and report required.",Requires device retailers to have web filters that are enabled at activation and only disabled by adults paying a fee.,Content moderation/Free Speech,Online safety,Liability,Content Moderation/Free Speech,false,false,false,false,false,false,false,false,false,0,Procedural/Study
Minnesota,"Minnesota Age-Appropriate Design Code Act created, obligations placed on businesses regarding children's consumer information, and attorney general enforcement provided.",Requires online services likely to be used by children to conduct impact assessments and mitigation plans for harm to children;  estimate age of users;  default privacy settings to most protective for child users. Use of user data for children highly restricted.,Privacy,Design and testing standards,Online safety,Platforms + Democracy,false,false,true,false,true,true,true,false,true,5,Platform Responsibility
Minnesota,Human Trafficking and Child Exploitation Prevention Act,Requires device retailers to have web filters that are enabled at activation and only disabled by adults paying a fee.,Content moderation/Free Speech,Online safety,Liability,Content Moderation/Free Speech,true,false,false,false,false,false,false,false,false,1,Access Control
Minnesota,Certain social media algorithms that target children prohibition,Prohibits social media platforms serving content to minors via recommendation algorithms (except search results). Require parental consent for minors to open accounts.,Algorithms,Online safety,"Authorisation, registration and licensing",Platforms + Democracy,false,true,false,true,false,false,false,false,false,2,Other/Mixed
Minnesota,Minnesota Age-Appropriate Design Code Act,Requires online services likely to be used by children to conduct impact assessments and mitigation plans for harm to children;  estimate age of users;  default privacy settings to most protective for child users. Use of user data for children highly restricted.,Privacy,Design and testing standards,Online safety,Platforms + Democracy,false,false,true,false,true,true,true,false,true,5,Platform Responsibility
Mississippi,Minors;  hold entities that publish harmful material on the internet civilly liable if age vertification is not performed.,Requires age verification to access websites that are more than one-third pornography. Retaining ID information prohibited.,Online safety,Liability,Privacy,Content Moderation/Free Speech,true,false,true,false,false,false,false,false,false,2,Privacy Protection
Mississippi,Digital or online resources or databases;  require vendors to verify technology protection for persons under 15.,Includes: requiring online content vendors to schools to use filters;  prohibiting enticing minors to sexual acts via online communication.,Content moderation/Free Speech,Online safety,,Content Moderation/Free Speech,false,false,false,false,false,false,false,true,false,1,Educational
Mississippi,Pornographic online and digital/resources for K-12 students;  prohibit,Requires online content vendors to schools to use filters.,Content moderation/Free Speech,Education and research,Online safety,Content Moderation/Free Speech,false,false,false,false,false,false,false,true,false,1,Educational
Mississippi,Material harmful to minors;  provide for liability for any entity that distributes on the internet without age verification.,Requires age verification to access websites that are more than one-third pornography. Retaining ID information prohibited.,Online safety,Liability,Privacy,Content Moderation/Free Speech,true,false,true,false,false,false,false,false,false,2,Privacy Protection
Mississippi,Material harmful to minors;  provide for liability for any entity that distributes on the internet without age verification,Requires age verification to access websites that are more than one-third pornography. Retaining ID information prohibited.,Online safety,Liability,Privacy,Content Moderation/Free Speech,true,false,true,false,false,false,false,false,false,2,Privacy Protection
Missouri,Requires internet service providers to authenticate access to obscene websites and provide subscribers the ability to create an authentication to access such websites,"Requires that ISPs enable a web filtering service, bypassable with passcode. Prohibits sharing code with minor.",Content moderation/Free Speech,Internet access,"Authorisation, registration and licensing",Content Moderation/Free Speech,false,false,false,false,false,false,false,false,false,0,Procedural/Study
Montana,Generally revise pupil data privacy protections,Limits use of facial recognition in schools to specific purposes and prohibits vendors from using that data beyond providing the service;  tightens up existing data privacy rules in schools.,Privacy,Artificial intelligence,Education and research,Privacy/Data Rights,false,false,true,false,false,false,false,true,false,2,Privacy Protection
Montana,Revise internet laws related to material harmful to minors,Requires age verification to access websites that are more than one-third pornography. Retaining ID information prohibited.,Online safety,Privacy,Content moderation/Free Speech,Content Moderation/Free Speech,true,false,true,false,false,false,false,false,false,2,Privacy Protection
Nebraska,Create the offense of digital grooming and prohibit using an electronic communication device or social media to engage in certain conduct with minors,Prohibits online communication by adults with under 16s to entice sexual activity.,Online safety,Hate and harassment,Liability,Content Moderation/Free Speech,false,false,false,false,false,false,false,false,false,0,Procedural/Study
Nebraska,"Provide requirements regarding access to digital and online resources provided for students by school districts, schools, and the Nebraska Library Commission",Requiring online content vendors to schools to use filters and provide parental access to content accessed by their child.,Content moderation/Free Speech,Privacy,Education and research,Content moderation/Free Speech,false,false,false,false,false,false,false,true,false,1,Educational
Nevada,Establishes provisions relating to Internet privacy. (BDR 52-589),Requires online services likely to be used by children to conduct impact assessments and mitigation plans for harm to children;  default privacy settings to most protective for child users. Use of user data for children highly restricted. ,Privacy,Online safety,Design and testing standards,Platforms + Democracy,false,false,true,false,false,true,true,false,true,4,Platform Responsibility
New Hampshire,making an appropriation to support the work of the New Hampshire Internet Crimes Against Children Task Force,Appropriates funding for the New Hampshire Internet Crimes Against Children Task Force.,Cybersecurity,National Security,,Government Surveillance,false,false,false,false,false,false,false,false,false,0,Procedural/Study
New Hampshire,AN ACT relative to the expectation of privacy.,"General data privacy bill that categorizes all personal data relating to minors as ""sensitive.""",Privacy,Online safety,,Privacy/Data Rights,false,false,true,false,false,false,false,false,true,2,Privacy Protection
New Jersey,Provides that required instruction on sexual abuse and assault awareness and prevention in grades preschool through 12 include content on Internet safety and dangers of online predators.,Adds Internet safety / online predators to PS-12 sexual abuse awareness and prevention curriculum.,Online safety,Education and research,,Government Surveillance,false,false,false,false,false,false,false,true,false,1,Educational
New Jersey,"Establishes ""Internet Predator Investigation and Prosecution Fund"" with $200 assessment on persons convicted of certain offenses.",Establishes fund for AG to investigate and prosecute enticement of minors via the Internet with $200 fines from those convicted of hacking crimes or sexual offences.,Online safety,Subsidies and industrial policy,Taxation,Government Surveillance,false,false,false,false,false,false,false,false,false,0,Procedural/Study
New Jersey,"One Strike, You're Ours;  adds use of Internet as aggravating factor in child sex crimes and requires lifetime electronic monitoring of offender.",Adds use of Internet as aggravating factor in child sex crimes and requires lifetime electronic monitoring of offenders.,Online safety,Liability,National Security,Government Surveillance,false,false,false,false,false,false,false,false,false,0,Procedural/Study
New Jersey,Human Trafficking and Child Exploitation Prevention Act;  requires Internet-connected devices to have blocking capability in certain circumstances.,"Requires device manufacturers/ retailers to have filters;  when sold to minor pornography blocking must be enabled at activation;  CSAM, NCII, child trafficking and prostitution blocked for all;  filters only disabled by adults paying a fee.",Content moderation/Free Speech,Online safety,Design and testing standards,Content moderation/Free Speech,false,false,false,false,false,false,false,false,false,0,Procedural/Study
New Jersey,Requires sex offenders to report Internet identifiers and name changes.,Requires sex offenders to report Internet identifiers.,Online safety,National Security,Cybersecurity,Government Surveillance,false,false,false,false,false,false,false,false,false,0,Procedural/Study
New Jersey,Concerns social media privacy and data management for children and establishes New Jersey Children's Data Protection Commission.,"Require online services likely to be used by children to conduct impact assessments and mitigation plans for harm to children, especially relating to data collection;  estimate age of users;  default privacy settings to most protective for child users. Use of user data for children highly restricted. Establishes working group to develop best practices.",Privacy,Design and testing standards,Transparency,Privacy/Data Rights,false,false,true,false,false,true,true,false,true,4,Platform Responsibility
New Jersey,Prohibits social media platforms from using certain practices or features that cause child users to become addicted to platform.,Prohibits social media platforms from using design that is addictive to minors;  exempts those that conduct quarterly assessments and mitigations.,Design and testing standards,Public health,Algorithms,Platforms + Democracy,false,false,false,true,true,true,false,false,false,3,Comprehensive/Hybrid
New Jersey,Human Trafficking and Child Exploitation Prevention Act;  requires Internet-connected devices to have blocking capability in certain circumstances.,"Requires device manufacturers/ retailers to have filters;  when sold to minor pornography blocking must be enabled at activation;  CSAM, NCII, child trafficking and prostitution blocked for all;  filters only disabled by adults paying a fee.",Content moderation/Free Speech,Online safety,Design and testing standards,Content moderation/Free Speech,false,false,false,false,false,false,false,false,false,0,Procedural/Study
New Jersey,"Establishes ""Internet Predator Investigation and Prosecution Fund"" with $200 assessment on persons convicted of certain offenses.",Establishes fund for AG to investigate and prosecute enticement of minors via the Internet with $200 fines from those convicted of hacking crimes or sexual offences.,Online safety,Subsidies and industrial policy,Taxation,Government Surveillance,false,false,false,false,false,false,false,false,false,0,Procedural/Study
New Jersey,Provides that required instruction on sexual abuse and assault awareness and prevention in grades preschool through 12 include content on Internet safety and dangers of online predators.,Adds Internet safety / online predators to PS-12 sexual abuse awareness and prevention curriculum.,Online safety,Education and research,,Government Surveillance,false,false,false,false,false,false,false,true,false,1,Educational
New Jersey,Concerns social media privacy and data management for children and establishes New Jersey Children's Data Protection Commission.,"Requires online services likely to be used by children to conduct impact assessments and mitigation plans for harm to children, especially relating to data collection;  estimate age of users;  default privacy settings to most protective for child users. Use of user data for children highly restricted. Establishes working group to develop best practices.",Privacy,Design and testing standards,Transparency,Privacy/Data Rights,false,false,true,false,false,true,true,false,true,4,Platform Responsibility
New Jersey,Prohibits social media platforms from using certain practices or features that cause child users to become addicted to platform.,Prohibits social media platforms from using design that is addictive to minors;  exempts those that conduct quarterly assessments and mitigations.,Design and testing standards,Public health,Algorithms,Platforms + Democracy,false,false,false,true,true,true,false,false,false,3,Comprehensive/Hybrid
New Mexico,Age Appropriate Design Code Act,Requires online services likely to be used by children to prioritize the well-being of children over commercial interests;  conduct impact assessments and mitigation plans for harm to children;  estimate ages of users;  default privacy settings to most protective for child users. Use of user data for children highly restricted.,Privacy,Design and testing standards,Online safety,Platforms + Democracy,false,false,true,false,true,true,true,false,true,5,Platform Responsibility
New York,Directs the commissioner of education to appoint a media literacy advisory group to study the teaching of media literacy;  requires such group to survey all school districts,"Establishes advisory committee to make recommendations regarding teaching media literacy, including Internet safety, in schools.",Education and research,Online safety,,Government Surveillance,false,false,false,false,false,false,false,false,false,0,Procedural/Study
New York,Directs the commissioner of education to appoint a media literacy advisory committee to study the teaching of media literacy;  requires such committee to annually review policy on media literacy,"Establishes advisory committee to make recommendations regarding teaching media literacy, including Internet safety, in schools.",Education and research,Online safety,,Government Surveillance,false,false,false,false,false,false,false,true,false,1,Educational
New York,Prevents interactive computer service providers from knowingly or negligently promoting developed content that is dangerous or otherwise injurious to minors,Prohibits online services harming minors by serving them targeted content that they (at least partially) developed.,Content moderation/Free Speech,Algorithms,Liability,Content moderation/Free Speech,false,false,false,true,true,false,false,false,true,3,Platform Responsibility
New York,Relates to creating a set of media literacy standards for students in grades kindergarten through twelve,"Requires K-12 school to add media literacy to the curriculum, including Internet safety and privacy.",Education and research,Online safety,Privacy,Platforms + Democracy,false,false,false,false,false,false,false,true,false,1,Educational
New York,Prohibits cyber-bullying,Creates offence of cyberbullying.,Hate and harassment,Online safety,Liability,Content Moderation/Free Speech,false,false,false,false,false,false,false,false,false,0,Procedural/Study
New York,Relates to enacting the New York child data privacy and protection act,Requires online services likely to be used by children to conduct impact assessments and mitigation plans for harm to children;  default privacy settings to most protective for child users;  parents must consent to accept Terms of Use and privacy policy. AG bureau of Internet and technology may ban specific features. Use of user data for children highly restricted.,Privacy,Design and testing standards,Online safety,Platforms + Democracy,false,true,true,false,false,true,true,false,true,5,Platform Responsibility
New York,Offers parental controls for internet services,Requires ISPs to make filtering and tracking software available to parents.,Internet access,Privacy,Online safety,Privacy/Data Rights,false,false,false,false,false,false,false,false,false,0,Procedural/Study
New York,Relates to the uniform employee and student online privacy protection act,"Includes privacy protections for student data, especially login credentials.",Privacy,Education and research,,Privacy/Data Rights,false,false,true,false,false,false,false,true,false,2,Privacy Protection
New York,Relates to prohibiting a person required to register under the sex offender registration act from possessing an online gamer account,Prohibits registered sex offenders from having gaming accounts.,Online safety,"Authorisation, registration and licensing",,Content Moderation/Free Speech,false,false,false,false,false,false,false,false,false,0,Procedural/Study
New York,Prevents interactive computer service providers from knowingly or negligently promoting developed content that is dangerous or otherwise injurious to minors,Prohibits online services harming minors by serving them targeted content that they (at least partially) developed.,Content moderation/Free Speech,Algorithms,Liability,Content moderation/Free Speech,false,false,false,true,true,false,false,false,true,3,Platform Responsibility
New York,Relates to enacting the New York child data privacy and protection act,Requires online services likely to be used by children to conduct impact assessments and mitigation plans for harm to children;  default privacy settings to most protective for child users;  parents must consent to accept Terms of Use and privacy policy. AG Bureau of Internet and Technology may ban specific features. Use of user data for children highly restricted.,Privacy,Design and testing standards,Online safety,Platforms + Democracy,false,true,true,false,false,true,true,false,true,5,Platform Responsibility
New York,Relates to the registration information required to be reported by a sex offender,Includes adding Internet identifiers to sex offenders register.,Online safety,Privacy,Transparency,Government Surveillance,false,false,false,false,false,false,false,false,false,0,Procedural/Study
New York,Relates to the regulation of social media companies and social media platforms,Requires parental approval for minors to have social media accounts;  requires age verification. Minor accounts: limited discoverability and communication;  allow parental access;  limited data use;  curfewed by default;  parents can set time limits.,Online safety,Privacy,"Authorisation, registration and licensing",Privacy/Data Rights,true,true,true,false,false,false,true,false,false,4,Privacy Protection
North Carolina,Age Verification to Protect Children Act.,Requires age verification to access websites that are more than one-third pornography.,Online safety,Content moderation/Free Speech,,Content Moderation/Free Speech,true,false,false,false,false,false,false,false,false,1,Access Control
North Carolina,Social Media Algorithmic Control in IT Act.,Prohibits social media platforms using minor users' data for recommendation algorithms and targeted advertising. Establishes task force to report on data privacy and social media [precise remit unclear].,Algorithms,Privacy,Transparency,Privacy/Data Rights,false,false,true,true,false,false,false,false,false,2,Other/Mixed
North Carolina,Let Parents Choose/Sammy's Law of 2023,Requires social media platforms to make APIs available to facilitate the development and use of third-party safety software to control / monitor platform settings and interactions. Platforms must obtain and renew state permits.,"Authorisation, registration and licensing",Online safety,Other operating conditions,Platforms + Democracy,false,false,false,false,false,false,false,false,true,1,Procedural/Study
North Dakota,[R]elating to the definition of a public library and required safety policies and technology protection measures;  ... relating to obscenity control;  to provide a penalty;  and to provide for application.,Requires online content vendors to schools (and libraries when making content available to school-age children) to use filters.,Content moderation/Free Speech,Education and research,Public procurement,Content moderation/Free Speech,false,false,false,false,false,false,false,true,false,1,Educational
Ohio,Regards education records and student data privacy,Strictly limits school tech vendors' use of student data;  prohibits schools and vendors tracking or recording students via devices.,Privacy,Education and research,,Privacy/Data Rights,false,false,true,false,false,false,false,true,false,2,Privacy Protection
Oklahoma,Human trafficking and child exploitation;  creating the Human Trafficking and Child Exploitation Prevention Act;  directing retailers of Internet-enabled devices to equip products with certain filters;  codification;  effective date.,Requires device retailers / manufacturers to have filters that are enabled at activation and only disabled by adults paying a fee.,Content moderation/Free Speech,Online safety,Liability,Content moderation/Free Speech,true,false,false,false,false,false,false,false,false,1,Access Control
Oregon,Relating to business's use of age-appropriate design,Requires online services likely to be used by children to prioritize the well-being of children over commercial interests;  conduct impact assessments and mitigation plans for harm to children;  default privacy settings to most protective for child users;  enforce their own policies. Use of user data for children highly restricted. Establishes task force to report on best practices.,Privacy,Design and testing standards,Online safety,Platforms + Democracy,false,false,true,false,true,true,true,false,true,5,Platform Responsibility
Pennsylvania,An Act providing for protection of certain personal data of consumers;  imposing duties on controllers and processors of personal data of consumers;  providing for enforcement;  prescribing penalties;  and establishing the Consumer Privacy Fund.,"General data privacy bill that categorizes all personal data relating to minors as ""sensitive.""",Privacy,Transparency,,Privacy/Data Rights,false,false,true,false,false,false,false,false,true,2,Privacy Protection
Pennsylvania,"An Act amending Title 18 (Crimes and Offenses) of the Pennsylvania Consolidated Statutes, making editorial changes to replace references to the term ""child pornography"" with references to the term ""child sexual abuse material.""","Replaces references ""child pornography"" with ""child sexual abuse material"" in existing law.",Online safety,Content moderation/Free Speech,,Content Moderation/Free Speech,false,false,false,false,false,false,false,false,false,0,Procedural/Study
Pennsylvania,"An Act amending the act of November 30, 2004 (P.L.1556, No.197), known as the Child Internet Protection Act, further providing for title and for definitions;  and making editorial changes.","Replaces references ""child pornography"" with ""child sexual abuse material"" in existing law.",Content moderation/Free Speech,,,Content moderation/Free Speech,false,false,false,false,false,false,false,false,false,0,Procedural/Study
Rhode Island,AN ACT RELATING TO EDUCATION -- STUDENT COMPUTER DEVICE PRIVACY,Prohibits schools and vendors tracking or recording students via devices in most cases.,Privacy,Education and research,,Privacy/Data Rights,false,false,true,false,false,false,false,true,false,2,Privacy Protection
Rhode Island,AN ACT RELATING TO COMMERCIAL LAW -- GENERAL REGULATORY PROVISIONS -- RHODE ISLAND DATA TRANSPARENCY AND PRIVACY PROTECTION ACT (Provides data privacy protections for the personal identifiable information of Rhode Islanders.),"General data privacy bill that categorizes all personal data relating to children as ""sensitive"";  prohibits processing or selling personal data of minor customers.",Privacy,Transparency,,Privacy/Data Rights,false,false,true,false,false,false,false,false,true,2,Privacy Protection
Rhode Island,AN ACT RELATING TO COMMERCIAL LAW -- GENERAL REGULATORY PROVISIONS -- RHODE ISLAND DATA TRANSPARENCY AND PRIVACY PROTECTION ACT (Provides data privacy protections for the personal identifiable information of Rhode Islanders.,"General data privacy bill that categorizes all personal data relating to children as ""sensitive"";  prohibits processing or selling personal data of minor customers.",Privacy,Transparency,,Privacy/Data Rights,false,false,true,false,false,false,false,false,true,2,Privacy Protection
South Carolina,Child Online Safety Act,Requires age verification to access websites or apps that are principally pornography. Retaining ID information prohibited.,Content moderation/Free Speech,Online safety,,Content Moderation/Free Speech,true,false,false,false,false,false,false,false,false,1,Access Control
South Carolina,Child Online Safety Act,Requires age verification to access websites or apps that are principally pornography.,Content moderation/Free Speech,Online safety,,Content Moderation/Free Speech,true,false,false,false,false,false,false,false,false,1,Access Control
South Carolina,"A BILL TO AMEND THE SOUTH CAROLINA CODE OF LAWS BY ADDING SECTION 63-5-380 SO AS TO PROHIBIT THE COLLECTION OF PERSONAL INFORMATION FROM CHILDREN BY OPERATORS OF WEBSITES, ONLINE SERVICES, AND ONLINE OR MOBILE APPLICATIONS AND TO ESTABLISH PENALTIES.",Prohibits online services from collecting personal information of minors.,Privacy,Online safety,,Privacy/Data Rights,false,false,true,false,false,false,false,false,true,2,Privacy Protection
South Carolina,Social media regulation,"Prohibits online services using an ""automated decision system for content placement"" for minors. Requires age verification to use them.",Algorithms,Online safety,"Authorisation, registration and licensing",Platforms + Democracy,true,false,false,true,false,false,false,false,true,3,Platform Responsibility
South Carolina,Children's Default to Safety Act,Requires tablet/smartphone manufacturers to have filters that are enabled at activation and only bypassed or switched off with password. Crime for non-parents to deactivate filter and allow minors to access harmful content.,Content moderation/Free Speech,Design and testing standards,Liability,Content moderation/Free Speech,false,true,false,false,false,false,true,false,false,2,Other/Mixed
South Dakota,An Act to provide liability for the publishing or distributing of material harmful to minors on the internet and the wrongful retention of individually identifiable information.,Requires age verification to access websites that are more than one-third pornography. Retaining ID information prohibited.,Online safety,Privacy,Liability,Content Moderation/Free Speech,true,false,true,false,false,false,false,false,false,2,Privacy Protection
Tennessee,"Enacts the ""Tennessee Information Protection Act.""","General data privacy bill that categorizes all personal data relating to children as ""sensitive"".",Privacy,Online safety,,Privacy/Data Rights,false,false,true,false,false,false,false,false,true,2,Privacy Protection
Tennessee,"Enacts the ""Youth Mental Health Safety Act.",Requires tablet/smartphone manufacturers to have filters that are enabled at activation and only bypassed or switched off with password.,Design and testing standards,Public health,Online safety,Platforms + Democracy,false,true,false,false,false,false,true,false,false,2,Other/Mixed
Texas,"Relating to the regulation of the collection, use, processing, and treatment of consumers' personal data by certain business entities;  imposing a civil penalty.",Requires age verification to use social media platforms. Retaining ID information prohibited.,Privacy,Online safety,"Authorisation, registration and licensing",Privacy/Data Rights,true,false,true,false,false,false,false,false,false,2,Privacy Protection
Texas,"Relating to the protection of minors from harmful, deceptive, or unfair trade practices in connection with the use of certain digital services.",Prohibits social media platforms serving content to minors via recommendation algorithms.,Algorithms,Online safety,Content moderation/Free Speech,Platforms + Democracy,false,false,false,true,false,false,false,false,false,1,Other/Mixed
Texas,Relating to prohibiting use of social media platforms by children.,Requires age verification to access websites that are more than one-third pornography. Retaining ID information prohibited.,Online safety,Privacy,Content moderation/Free Speech,Content Moderation/Free Speech,true,false,true,false,false,false,false,false,false,2,Privacy Protection
Texas,Relating to restricting access to sexual material harmful to minors on an Internet website.,Requires age verification to access websites that are more than one-third pornography. Retaining ID information prohibited.,Online safety,Privacy,Content moderation/Free Speech,Content Moderation/Free Speech,true,false,true,false,false,false,false,false,false,2,Privacy Protection
Texas,Relating to prohibiting social media platforms from using certain social media algorithms to target minors.,Requires online services that are likely to be used by minors and collect personal user data to obtain parental consent to create an account for a minor or accept Terms of Service / EUAs.,Algorithms,Privacy,Online safety,Platforms + Democracy,false,true,false,true,false,false,false,false,false,2,Other/Mixed
Texas,Relating to requirements for the use and transfer of electronic devices to students by a public school.,"Requires the adoption of policies for student-held school-owned devices that limit data collection, require parental consent for software, curfew, possibly limit access to social media and report harm-related content to schools and parents. Devices must have pornography filters and schools to educate parents about Internet safety.",Privacy,Online safety,Education and research,Privacy/Data Rights,false,true,true,false,false,false,false,true,false,3,Privacy Protection
Texas,Relating to restricting access to sexual material harmful to minors on an Internet website.,Requires age verification to access websites that intentionally publish pornography. Includes social media platforms that fail to remove / block minor access to pornography. Retaining ID information prohibited.,Online safety,Privacy,Content moderation/Free Speech,Content Moderation/Free Speech,true,false,true,false,false,false,false,false,false,2,Privacy Protection
Texas,Relating to restricting access to sexual material harmful to minors on an Internet website.,Requires age verification to access websites that are more than one-third pornography. Retaining ID information prohibited.,Online safety,Privacy,Content moderation/Free Speech,Content Moderation/Free Speech,true,false,true,false,false,false,false,false,false,2,Privacy Protection
Texas,Relating to online agreements between certain minors and certain digital service providers.,Requires age verification to access websites that are more than one-third pornography. Retaining ID information prohibited.,Online safety,Privacy,Content moderation/Free Speech,Content Moderation/Free Speech,true,false,true,false,false,false,false,false,false,2,Privacy Protection
Texas,"Relating to the regulation of Internet products, services, and features accessed by children;  providing a civil penalty.",Requires online services likely to be used by children that collect user data to conduct impact assessments and mitigation plans for harm to children from design or data usage;  estimate ages of users;  default privacy settings to most protective for child users. Use of user data for children highly restricted. Establishes work group to recommend best practices. ,Privacy,Design and testing standards,Online safety,Platforms + Democracy,false,false,true,false,false,true,true,false,true,4,Platform Responsibility
Texas,Relating to requirements for certain Internet websites containing sexual material harmful to minors;  providing a civil penalty.,Relating to requirements for certain Internet websites containing sexual material harmful to minors;  providing a civil penalty.,Online safety,Privacy,Content moderation/Free Speech,Content Moderation/Free Speech,true,false,false,false,false,false,false,false,false,1,Access Control
Texas,Relating to requirements for certain Internet websites containing sexual material harmful to minors;  providing a civil penalty.,Requires age verification to access websites that are more than one-third pornography. Retaining ID information prohibited.,Online safety,Privacy,Content moderation/Free Speech,Content Moderation/Free Speech,true,false,true,false,false,false,false,false,false,2,Privacy Protection
Texas,Relating to restricting access to sexual material harmful to minors on an Internet website.,Requires age verification to access websites that are more than one-third pornography. Retaining ID information prohibited.,Online safety,Privacy,Content moderation/Free Speech,Content Moderation/Free Speech,true,false,true,false,false,false,false,false,false,2,Privacy Protection
Utah,Social Media Usage Amendments,Prohibits social media platforms from using design that is addictive to minors;  exempts those that conduct quarterly assessments and mitigations. Creates a civil cause of action against platforms for any harm caused to minors from using the platform.,Design and testing standards,Algorithms,Liability,Platforms + Democracy,false,false,false,true,true,true,false,false,true,4,Platform Responsibility
Utah,Social Media Regulation Amendments,"Requires age verification to open social media accounts without parental consent (retaining ID information prohibited). For minor accounts: messaging and discoverability limited, advertising, suggestions, and most data collection prohibited;  curfew enabled. Parents to receive access to posts by minor and ability to set time limits.",Privacy,Online safety,"Authorisation, registration and licensing",Privacy/Data Rights,true,true,true,true,false,false,true,false,false,5,Comprehensive/Hybrid
Utah,Online Pornography Viewing Age Requirements,Requires age verification to access websites that are more than one-third pornography. Retaining ID information prohibited.,Online safety,Privacy,Content moderation/Free Speech,Content Moderation/Free Speech,true,false,true,false,false,false,false,false,false,2,Privacy Protection
Vermont,An act relating to the Vermont Broadband Internet Access Service Privacy Act,"General data privacy bill regarding ISPs that categorizes all personal data relating to children as ""sensitive"".",Privacy,Internet access,,Privacy/Data Rights,false,false,true,false,false,false,false,false,false,1,Privacy Protection
Vermont,An act relating to funding for the Vermont Internet Crimes Against Children (VT-ICAC) Task Force,Appropriates funds for the Vermont Internet Crimes Against Children Task Force and creates three staff positions.,Cybersecurity,Subsidies and industrial policy,,Government Surveillance,false,false,false,false,false,false,false,false,false,0,Procedural/Study
Virginia,"Consumer Data Protection Act;  protections for children, definition of verifiable parental consent","Requires parental consent for minor accounts with services that process data, or to collect and use minors' data;  prohibits sale of minors' personal data, or using it for targeted advertising. Raises age of majority in existing data protection law to 18.",Privacy,Online safety,,Privacy/Data Rights,false,true,true,false,false,false,false,false,true,3,Privacy Protection
Virginia,Consumer Data Protection Act;  protections for children.,"Requires parental consent for minor accounts with services that process data, or to collect and use minors' data;  prohibits sale of minors' personal data, or using it for targeted advertising. Raises age of majority in existing data protection law to 18.",Privacy,Online safety,,Privacy/Data Rights,false,true,true,false,false,false,false,false,true,3,Privacy Protection
Virginia,Civil liability for publishing or distributing material harmful to minors on the Internet,"Requires age verification to access websites that are more than one-third pornography, excluding interactive computer services.  Raises age of majority in existing data protection law to 18.",Online safety,Liability,Privacy,Content Moderation/Free Speech,true,false,true,false,false,false,false,false,false,2,Privacy Protection
West Virginia,Providing online privacy protection laws for children under 18 years of age,"Requires online services to obtain parental consent to collect, use, or disclose minors' personal information;  encourages creation of self-regulatory guidelines.",Privacy,Online safety,,Privacy/Data Rights,false,true,true,false,false,false,false,false,true,3,Privacy Protection
West Virginia,Relating to online privacy protection for minors,"Prohibits internet services from advertising or marketing harmful products (incl. weapons, tobacco, lottery tickets, pornography, spray paint) to minors;  requires internet services to facilitate the removal of minors' posted content when requested.",Content moderation/Free Speech,Privacy,Online safety,Content Moderation/Free Speech,false,false,false,false,false,false,false,false,true,1,Procedural/Study
West Virginia,Protection of minors from harmful material on internet,Requires age verification to access websites that are more than one-third pornography. Retaining ID information prohibited.,Content moderation/Free Speech,Privacy,Online safety,Content Moderation/Free Speech,true,false,true,false,false,false,false,false,false,2,Privacy Protection
West Virginia,Relating to the Consumer Data Protection Act and establishing a framework for controlling and processing personal data in the State,"General data privacy bill that categorizes all personal data relating to children as ""sensitive"".",Privacy,Transparency,,Privacy/Data Rights,false,false,true,false,false,false,false,false,true,2,Privacy Protection
Wisconsin,Relating to: prostitution crime surcharge and making an appropriation.,Establishes a new fine and appropriates the revenue for investigating and prosecuting Internet crimes against children.,Taxation,Cybersecurity,,Government Surveillance,false,false,false,false,false,false,false,false,false,0,Procedural/Study
Wisconsin,Relating to: pupil or minor access to harmful material in public libraries and to harmful material or offensive material in public schools.,Requires schools and libraries to use filters or otherwise prevent minors and students accessing pornography.,Content moderation/Free Speech,Education and research,Online safety,Content Moderation/Free Speech,false,false,false,false,false,false,false,true,false,1,Educational
Wisconsin,Relating to: prostitution crime surcharge and making an appropriation.,Establishes a new fine and appropriates the revenue for investigating and prosecuting Internet crimes against children.,Taxation,Cybersecurity,,Government Surveillance,false,false,false,false,false,false,false,false,false,0,Procedural/Study
